{"cameraMode":{"drawMode":0,"name":"Shaded","section":"Shading Mode"},"sceneLighting":true,"audioPlay":false,"sceneViewState":{"m_AlwaysRefresh":false,"showFog":true,"showSkybox":true,"showFlares":true,"showImageEffects":true,"showParticleSystems":true,"showVisualEffectGraphs":true,"m_FxEnabled":true},"in2DMode":false,"pivot":{"x":4.422397613525391,"y":4.653566360473633,"z":-16.717327117919923},"rotation":{"x":0.16809415817260743,"y":-0.005914606153964996,"z":0.0010074557503685356,"w":0.9857576489448547},"size":13.799994468688965,"orthographic":true}